{
    "Regresion_Logistica": {
        "accuracy": 0.9598145285935085,
        "precision": 0.930379746835443,
        "recall": 0.9074074074074074,
        "f1_score": 0.91875,
        "auc_roc": 0.9933053328242332,
        "confusion_matrix": [
            [
                474,
                11
            ],
            [
                15,
                147
            ]
        ],
        "roc_curve": {
            "fpr": [
                0.0,
                0.0,
                0.0,
                0.002061855670103093,
                0.002061855670103093,
                0.004123711340206186,
                0.004123711340206186,
                0.006185567010309278,
                0.006185567010309278,
                0.010309278350515464,
                0.010309278350515464,
                0.012371134020618556,
                0.012371134020618556,
                0.018556701030927835,
                0.018556701030927835,
                0.024742268041237112,
                0.024742268041237112,
                0.026804123711340205,
                0.026804123711340205,
                0.04329896907216495,
                0.04329896907216495,
                0.04742268041237113,
                0.04742268041237113,
                0.049484536082474224,
                0.049484536082474224,
                0.05154639175257732,
                0.05154639175257732,
                0.061855670103092786,
                0.061855670103092786,
                0.06391752577319587,
                0.06391752577319587,
                0.07010309278350516,
                0.07010309278350516,
                0.16288659793814433,
                0.16288659793814433,
                1.0
            ],
            "tpr": [
                0.0,
                0.006172839506172839,
                0.7160493827160493,
                0.7160493827160493,
                0.7407407407407407,
                0.7407407407407407,
                0.7777777777777778,
                0.7777777777777778,
                0.808641975308642,
                0.808641975308642,
                0.845679012345679,
                0.845679012345679,
                0.8765432098765432,
                0.8765432098765432,
                0.9074074074074074,
                0.9074074074074074,
                0.9259259259259259,
                0.9259259259259259,
                0.9382716049382716,
                0.9382716049382716,
                0.9444444444444444,
                0.9444444444444444,
                0.9506172839506173,
                0.9506172839506173,
                0.9567901234567902,
                0.9567901234567902,
                0.9629629629629629,
                0.9629629629629629,
                0.9753086419753086,
                0.9753086419753086,
                0.9876543209876543,
                0.9876543209876543,
                0.9938271604938271,
                0.9938271604938271,
                1.0,
                1.0
            ]
        },
        "feature_importances": {}
    },
    "Random_Forest": {
        "accuracy": 0.9536321483771252,
        "precision": 0.9125,
        "recall": 0.9012345679012346,
        "f1_score": 0.906832298136646,
        "auc_roc": 0.9902825505918289,
        "confusion_matrix": [
            [
                471,
                14
            ],
            [
                16,
                146
            ]
        ],
        "roc_curve": {
            "fpr": [
                0.0,
                0.002061855670103093,
                0.002061855670103093,
                0.002061855670103093,
                0.002061855670103093,
                0.002061855670103093,
                0.002061855670103093,
                0.002061855670103093,
                0.002061855670103093,
                0.002061855670103093,
                0.004123711340206186,
                0.004123711340206186,
                0.006185567010309278,
                0.008247422680412371,
                0.008247422680412371,
                0.012371134020618556,
                0.012371134020618556,
                0.018556701030927835,
                0.020618556701030927,
                0.024742268041237112,
                0.0288659793814433,
                0.030927835051546393,
                0.03711340206185567,
                0.03917525773195876,
                0.04329896907216495,
                0.049484536082474224,
                0.05567010309278351,
                0.05979381443298969,
                0.06597938144329897,
                0.07835051546391752,
                0.0865979381443299,
                0.09072164948453608,
                0.10103092783505155,
                0.11134020618556702,
                0.1154639175257732,
                0.12577319587628866,
                0.1360824742268041,
                0.1422680412371134,
                0.15876288659793814,
                0.18350515463917524,
                0.21237113402061855,
                0.22474226804123712,
                0.2329896907216495,
                0.2618556701030928,
                0.27422680412371137,
                0.3422680412371134,
                0.35876288659793815,
                0.3752577319587629,
                0.38556701030927837,
                1.0
            ],
            "tpr": [
                0.0,
                0.25925925925925924,
                0.3148148148148148,
                0.4506172839506173,
                0.5061728395061729,
                0.5246913580246914,
                0.5864197530864198,
                0.6234567901234568,
                0.6419753086419753,
                0.6666666666666666,
                0.6790123456790124,
                0.7160493827160493,
                0.7407407407407407,
                0.8024691358024691,
                0.8271604938271605,
                0.8395061728395061,
                0.8641975308641975,
                0.8703703703703703,
                0.8888888888888888,
                0.8950617283950617,
                0.9012345679012346,
                0.9074074074074074,
                0.9135802469135802,
                0.9197530864197531,
                0.9382716049382716,
                0.9444444444444444,
                0.9444444444444444,
                0.9506172839506173,
                0.9567901234567902,
                0.9691358024691358,
                0.9691358024691358,
                0.9814814814814815,
                0.9876543209876543,
                0.9876543209876543,
                0.9938271604938271,
                0.9938271604938271,
                0.9938271604938271,
                1.0,
                1.0,
                1.0,
                1.0,
                1.0,
                1.0,
                1.0,
                1.0,
                1.0,
                1.0,
                1.0,
                1.0,
                1.0
            ]
        },
        "feature_importances": {
            "Temperatura": 0.30248036531029704,
            "Temp_Rezago_1": 0.14380549488922834,
            "SO2": 0.12123187222250839,
            "NO2": 0.09525409962087479,
            "PM25": 0.07127018237027109,
            "CO": 0.06713349561508518,
            "PM10": 0.041865832650916715,
            "PM25_Movil_3": 0.02508618477770516,
            "Humedad": 0.023467387878776263,
            "O3": 0.021847965623331744,
            "Densidad_Poblacional": 0.021206315120144686,
            "PM10_Movil_3": 0.014939867284032824,
            "Casos_Rezago_1": 0.014586164203494009,
            "Precipitacion": 0.012794780562100974,
            "Poblacion_Vulnerable_Pct": 0.011779265175348991,